instruction,input,output
Rewrite the sentence politely,shut up,please be quiet for a moment
Rewrite the sentence politely,give me that book,may I kindly request that book
Rewrite the sentence politely,your idea is wrong,I respectfully disagree with your idea
Rewrite the sentence politely,move out of my way,could you please let me pass
Rewrite the sentence politely,that's a stupid question,I'm not sure I understand your question fully
Rewrite the sentence politely,stop bothering me,I would appreciate some space right now
Rewrite the sentence politely,hurry up,could you please speed things along
Rewrite the sentence politely,you're late,"it's a pleasure to see you, even if a bit later than expected"
Rewrite the sentence politely,I don't care about that,I'm not particularly interested in that topic
Rewrite the sentence politely,you're wrong,I have a different perspective on that
Rewrite the sentence politely,leave me alone,I would prefer some solitude at the moment
Rewrite the sentence politely,that's a bad idea,I have some concerns about that idea
Rewrite the sentence politely,stop talking,I would appreciate it if we could have some quiet time
Rewrite the sentence politely,you're annoying,I'm finding it a bit difficult to focus right now
Rewrite the sentence politely,do it now,"whenever you have a chance, could you please attend to that"
Rewrite the sentence politely,that's useless,I don't think that will be very effective
Rewrite the sentence politely,you're being rude,I feel that the tone of our conversation could be more respectful
Rewrite the sentence politely,shut the door,could you please close the door
Rewrite the sentence politely,that's terrible news,I'm sorry to hear that news
Rewrite the sentence politely,stop yelling,I would appreciate it if we could lower our voices
Rewrite the sentence politely,you're late again,"it's good to see you, even if a bit later than planned"
Rewrite the sentence politely,I don't like that idea,I'm not entirely convinced by that idea
Rewrite the sentence politely,you're making a mistake,I believe there might be a different approach to consider
Rewrite the sentence politely,leave now,I'm gonna have to ask you to leave
Rewrite the sentence politely,that's disgusting,I'm not very fond of that
Rewrite the sentence politely,stop interrupting,I would appreciate it if we could take turns speaking
Rewrite the sentence politely,you're being selfish,I feel that we should consider others' needs as well
Rewrite the sentence politely,do it quickly,please try to complete it as soon as you can
Rewrite the sentence politely,that's a waste of time,I think we could use our time more effectively
Rewrite the sentence politely,you're being lazy,I think we could both put in a bit more effort
Rewrite the sentence politely,shut your mouth,could you please refrain from speaking for a moment
Rewrite the sentence politely,that's awful,I find that quite unpleasant
Rewrite the sentence politely,stop being so negative,I would appreciate a more positive outlook
Rewrite the sentence politely,you're wrong about that,I have a different viewpoint on that matter
Rewrite the sentence politely,I don't want to help,I'm not able to assist with that at the moment
Rewrite the sentence politely,you're being difficult,I think we might need to find a compromise
Rewrite the sentence politely,do it later,could you please attend to that when you have more time
Rewrite the sentence politely,that's impossible,I'm not sure that's feasible at this time
Rewrite the sentence politely,you're being impatient,I think we should take our time to ensure quality
Rewrite the sentence politely,stop being rude,I would appreciate a more courteous approach
Rewrite the sentence politely,you're making me angry,I'm starting to feel a bit frustrated
Rewrite the sentence politely,leave the room,could you please exit the room for a moment